year,sex,age,idierp
2007,Female,0,30066
2007,Female,1,28680
2007,Female,2,27936
2007,Female,3,28191
2007,Female,4,27489
2007,Female,5,27807
2007,Female,6,28617
2007,Female,7,28989
2007,Female,8,28251
2007,Female,9,29091
2007,Female,10,29007
2007,Female,11,29121
2007,Female,12,29892
2007,Female,13,30033
2007,Female,14,30627
2007,Female,15,31080
2007,Female,16,32142
2007,Female,17,31830
2007,Female,18,30699
2007,Female,19,30189
2007,Female,20,28860
2007,Female,21,28860
2007,Female,22,28470
2007,Female,23,28344
2007,Female,24,28155
2007,Female,25,27261
2007,Female,26,26646
2007,Female,27,26712
2007,Female,28,26898
2007,Female,29,26262
2007,Female,30,26895
2007,Female,31,27258
2007,Female,32,28698
2007,Female,33,30120
2007,Female,34,31248
2007,Female,35,32937
2007,Female,36,33330
2007,Female,37,32430
2007,Female,38,32850
2007,Female,39,32682
2007,Female,40,32616
2007,Female,41,32157
2007,Female,42,32952
2007,Female,43,34428
2007,Female,44,35130
2007,Female,45,35172
2007,Female,46,34287
2007,Female,47,32640
2007,Female,48,32229
2007,Female,49,30561
2007,Female,50,29751
2007,Female,51,29010
2007,Female,52,27876
2007,Female,53,27330
2007,Female,54,25941
2007,Female,55,25665
2007,Female,56,24990
2007,Female,57,25158
2007,Female,58,24327
2007,Female,59,24690
2007,Female,60,24768
2007,Female,61,20811
2007,Female,62,19782
2007,Female,63,18720
2007,Female,64,16968
2007,Female,65,19440
2007,Female,66,18882
2007,Female,67,17328
2007,Female,68,16023
2007,Female,69,15198
2007,Female,70,14502
2007,Female,71,13749
2007,Female,72,12957
2007,Female,73,12648
2007,Female,74,12552
2007,Female,75,12237
2007,Female,76,12279
2007,Female,77,11643
2007,Female,78,10947
2007,Female,79,10722
2007,Female,80,10056
2007,Female,81,9645
2007,Female,82,9288
2007,Female,83,8403
2007,Female,84,7638
2007,Female,85,7338
2007,Female,86,6534
2007,Female,87,5688
2007,Female,88,4104
2007,Female,89,3726
2007,Female,90,14529
2007,Male,0,31854
2007,Male,1,29994
2007,Male,2,29430
2007,Male,3,29499
2007,Male,4,29076
2007,Male,5,28812
2007,Male,6,29994
2007,Male,7,30519
2007,Male,8,29877
2007,Male,9,30693
2007,Male,10,30510
2007,Male,11,31332
2007,Male,12,31671
2007,Male,13,31860
2007,Male,14,32544
2007,Male,15,33147
2007,Male,16,33891
2007,Male,17,32961
2007,Male,18,32226
2007,Male,19,31698
2007,Male,20,30693
2007,Male,21,29742
2007,Male,22,29496
2007,Male,23,29646
2007,Male,24,29289
2007,Male,25,28191
2007,Male,26,27630
2007,Male,27,26751
2007,Male,28,26223
2007,Male,29,25623
2007,Male,30,26412
2007,Male,31,26310
2007,Male,32,27468
2007,Male,33,28695
2007,Male,34,29922
2007,Male,35,31380
2007,Male,36,31815
2007,Male,37,31275
2007,Male,38,31608
2007,Male,39,31335
2007,Male,40,31194
2007,Male,41,31227
2007,Male,42,31764
2007,Male,43,32961
2007,Male,44,33297
2007,Male,45,33561
2007,Male,46,32364
2007,Male,47,31488
2007,Male,48,31131
2007,Male,49,29316
2007,Male,50,28776
2007,Male,51,27642
2007,Male,52,26832
2007,Male,53,26043
2007,Male,54,25125
2007,Male,55,25026
2007,Male,56,24429
2007,Male,57,24198
2007,Male,58,23826
2007,Male,59,23817
2007,Male,60,23907
2007,Male,61,19980
2007,Male,62,18918
2007,Male,63,18156
2007,Male,64,16020
2007,Male,65,18159
2007,Male,66,17757
2007,Male,67,16305
2007,Male,68,14487
2007,Male,69,13986
2007,Male,70,13077
2007,Male,71,12291
2007,Male,72,11847
2007,Male,73,11247
2007,Male,74,10764
2007,Male,75,10662
2007,Male,76,10521
2007,Male,77,9456
2007,Male,78,8967
2007,Male,79,8442
2007,Male,80,7719
2007,Male,81,6879
2007,Male,82,6342
2007,Male,83,5343
2007,Male,84,4695
2007,Male,85,4107
2007,Male,86,3360
2007,Male,87,2790
2007,Male,88,1965
2007,Male,89,1572
2007,Male,90,5220
2008,Female,0,31131
2008,Female,1,29919
2008,Female,2,28659
2008,Female,3,27960
2008,Female,4,28272
2008,Female,5,27624
2008,Female,6,28029
2008,Female,7,28686
2008,Female,8,29190
2008,Female,9,28377
2008,Female,10,29223
2008,Female,11,29175
2008,Female,12,29274
2008,Female,13,30003
2008,Female,14,30201
2008,Female,15,30933
2008,Female,16,31344
2008,Female,17,32403
2008,Female,18,31830
2008,Female,19,30768
2008,Female,20,30336
2008,Female,21,28821
2008,Female,22,28434
2008,Female,23,28074
2008,Female,24,27927
2008,Female,25,27849
2008,Female,26,27237
2008,Female,27,26841
2008,Female,28,26991
2008,Female,29,27309
2008,Female,30,26613
2008,Female,31,27267
2008,Female,32,27594
2008,Female,33,28977
2008,Female,34,30432
2008,Female,35,31419
2008,Female,36,33228
2008,Female,37,33564
2008,Female,38,32604
2008,Female,39,33030
2008,Female,40,32796
2008,Female,41,32715
2008,Female,42,32211
2008,Female,43,32964
2008,Female,44,34374
2008,Female,45,35100
2008,Female,46,35139
2008,Female,47,34182
2008,Female,48,32517
2008,Female,49,32139
2008,Female,50,30441
2008,Female,51,29568
2008,Female,52,28875
2008,Female,53,27750
2008,Female,54,27192
2008,Female,55,25926
2008,Female,56,25569
2008,Female,57,24891
2008,Female,58,25020
2008,Female,59,24243
2008,Female,60,24636
2008,Female,61,24645
2008,Female,62,20742
2008,Female,63,19668
2008,Female,64,18645
2008,Female,65,17100
2008,Female,66,19380
2008,Female,67,18720
2008,Female,68,17211
2008,Female,69,15858
2008,Female,70,15030
2008,Female,71,14325
2008,Female,72,13563
2008,Female,73,12720
2008,Female,74,12414
2008,Female,75,12276
2008,Female,76,11973
2008,Female,77,11964
2008,Female,78,11334
2008,Female,79,10599
2008,Female,80,10344
2008,Female,81,9612
2008,Female,82,9201
2008,Female,83,8763
2008,Female,84,7860
2008,Female,85,7125
2008,Female,86,6744
2008,Female,87,5877
2008,Female,88,5049
2008,Female,89,3645
2008,Female,90,14907
2008,Male,0,32940
2008,Male,1,31611
2008,Male,2,29979
2008,Male,3,29523
2008,Male,4,29649
2008,Male,5,29169
2008,Male,6,29001
2008,Male,7,30102
2008,Male,8,30678
2008,Male,9,30093
2008,Male,10,30834
2008,Male,11,30729
2008,Male,12,31539
2008,Male,13,31842
2008,Male,14,32052
2008,Male,15,32814
2008,Male,16,33342
2008,Male,17,34140
2008,Male,18,33108
2008,Male,19,32466
2008,Male,20,31965
2008,Male,21,30807
2008,Male,22,29532
2008,Male,23,29181
2008,Male,24,29184
2008,Male,25,28782
2008,Male,26,27672
2008,Male,27,27429
2008,Male,28,26721
2008,Male,29,26364
2008,Male,30,25887
2008,Male,31,26736
2008,Male,32,26673
2008,Male,33,27663
2008,Male,34,28980
2008,Male,35,30105
2008,Male,36,31545
2008,Male,37,32076
2008,Male,38,31434
2008,Male,39,31767
2008,Male,40,31440
2008,Male,41,31275
2008,Male,42,31254
2008,Male,43,31824
2008,Male,44,32988
2008,Male,45,33357
2008,Male,46,33501
2008,Male,47,32244
2008,Male,48,31287
2008,Male,49,30975
2008,Male,50,29169
2008,Male,51,28626
2008,Male,52,27432
2008,Male,53,26649
2008,Male,54,25986
2008,Male,55,24972
2008,Male,56,24876
2008,Male,57,24231
2008,Male,58,24024
2008,Male,59,23694
2008,Male,60,23622
2008,Male,61,23736
2008,Male,62,19794
2008,Male,63,18744
2008,Male,64,17979
2008,Male,65,16098
2008,Male,66,17982
2008,Male,67,17541
2008,Male,68,16083
2008,Male,69,14244
2008,Male,70,13722
2008,Male,71,12789
2008,Male,72,12021
2008,Male,73,11571
2008,Male,74,10914
2008,Male,75,10419
2008,Male,76,10290
2008,Male,77,10119
2008,Male,78,9003
2008,Male,79,8508
2008,Male,80,7944
2008,Male,81,7191
2008,Male,82,6360
2008,Male,83,5781
2008,Male,84,4881
2008,Male,85,4218
2008,Male,86,3618
2008,Male,87,2925
2008,Male,88,2430
2008,Male,89,1674
2008,Male,90,5379
2009,Female,0,30537
2009,Female,1,30924
2009,Female,2,29985
2009,Female,3,28719
2009,Female,4,28137
2009,Female,5,28446
2009,Female,6,27873
2009,Female,7,28119
2009,Female,8,28809
2009,Female,9,29352
2009,Female,10,28512
2009,Female,11,29355
2009,Female,12,29304
2009,Female,13,29457
2009,Female,14,30186
2009,Female,15,30477
2009,Female,16,31230
2009,Female,17,31674
2009,Female,18,32490
2009,Female,19,32019
2009,Female,20,30999
2009,Female,21,30432
2009,Female,22,28563
2009,Female,23,28158
2009,Female,24,27993
2009,Female,25,27876
2009,Female,26,27810
2009,Female,27,27420
2009,Female,28,27204
2009,Female,29,27303
2009,Female,30,27807
2009,Female,31,27084
2009,Female,32,27582
2009,Female,33,27864
2009,Female,34,29271
2009,Female,35,30735
2009,Female,36,31650
2009,Female,37,33378
2009,Female,38,33795
2009,Female,39,32772
2009,Female,40,33192
2009,Female,41,32898
2009,Female,42,32793
2009,Female,43,32280
2009,Female,44,32934
2009,Female,45,34314
2009,Female,46,35034
2009,Female,47,35007
2009,Female,48,34080
2009,Female,49,32406
2009,Female,50,32013
2009,Female,51,30321
2009,Female,52,29352
2009,Female,53,28752
2009,Female,54,27639
2009,Female,55,27123
2009,Female,56,25863
2009,Female,57,25470
2009,Female,58,24768
2009,Female,59,25005
2009,Female,60,24156
2009,Female,61,24537
2009,Female,62,24570
2009,Female,63,20652
2009,Female,64,19584
2009,Female,65,18921
2009,Female,66,16998
2009,Female,67,19275
2009,Female,68,18540
2009,Female,69,17031
2009,Female,70,15669
2009,Female,71,14841
2009,Female,72,14109
2009,Female,73,13353
2009,Female,74,12480
2009,Female,75,12159
2009,Female,76,12024
2009,Female,77,11667
2009,Female,78,11625
2009,Female,79,10941
2009,Female,80,10209
2009,Female,81,9918
2009,Female,82,9180
2009,Female,83,8682
2009,Female,84,8244
2009,Female,85,7311
2009,Female,86,6525
2009,Female,87,6096
2009,Female,88,5295
2009,Female,89,4473
2009,Female,90,14958
2009,Male,0,32829
2009,Male,1,32739
2009,Male,2,31629
2009,Male,3,30171
2009,Male,4,29751
2009,Male,5,29895
2009,Male,6,29382
2009,Male,7,29085
2009,Male,8,30240
2009,Male,9,30777
2009,Male,10,30270
2009,Male,11,30936
2009,Male,12,30846
2009,Male,13,31638
2009,Male,14,32004
2009,Male,15,32295
2009,Male,16,33141
2009,Male,17,33606
2009,Male,18,34209
2009,Male,19,33555
2009,Male,20,32910
2009,Male,21,32319
2009,Male,22,30924
2009,Male,23,29502
2009,Male,24,29007
2009,Male,25,29001
2009,Male,26,28536
2009,Male,27,27642
2009,Male,28,27480
2009,Male,29,26829
2009,Male,30,26682
2009,Male,31,26211
2009,Male,32,26916
2009,Male,33,26910
2009,Male,34,27873
2009,Male,35,29184
2009,Male,36,30264
2009,Male,37,31638
2009,Male,38,32187
2009,Male,39,31560
2009,Male,40,31863
2009,Male,41,31446
2009,Male,42,31281
2009,Male,43,31296
2009,Male,44,31764
2009,Male,45,32976
2009,Male,46,33333
2009,Male,47,33318
2009,Male,48,32166
2009,Male,49,31143
2009,Male,50,30756
2009,Male,51,29055
2009,Male,52,28419
2009,Male,53,27348
2009,Male,54,26562
2009,Male,55,25848
2009,Male,56,24813
2009,Male,57,24681
2009,Male,58,24099
2009,Male,59,23844
2009,Male,60,23532
2009,Male,61,23484
2009,Male,62,23520
2009,Male,63,19662
2009,Male,64,18615
2009,Male,65,18018
2009,Male,66,15954
2009,Male,67,17736
2009,Male,68,17343
2009,Male,69,15807
2009,Male,70,13950
2009,Male,71,13434
2009,Male,72,12492
2009,Male,73,11685
2009,Male,74,11232
2009,Male,75,10551
2009,Male,76,10041
2009,Male,77,9879
2009,Male,78,9639
2009,Male,79,8532
2009,Male,80,8028
2009,Male,81,7434
2009,Male,82,6699
2009,Male,83,5859
2009,Male,84,5265
2009,Male,85,4377
2009,Male,86,3768
2009,Male,87,3192
2009,Male,88,2532
2009,Male,89,2076
2009,Male,90,5499
2010,Female,0,31308
2010,Female,1,30411
2010,Female,2,30927
2010,Female,3,30060
2010,Female,4,28959
2010,Female,5,28326
2010,Female,6,28632
2010,Female,7,27816
2010,Female,8,28188
2010,Female,9,28851
2010,Female,10,29466
2010,Female,11,28572
2010,Female,12,29508
2010,Female,13,29373
2010,Female,14,29613
2010,Female,15,30498
2010,Female,16,30771
2010,Female,17,31527
2010,Female,18,31719
2010,Female,19,32733
2010,Female,20,32469
2010,Female,21,31086
2010,Female,22,30237
2010,Female,23,28326
2010,Female,24,28056
2010,Female,25,27912
2010,Female,26,28062
2010,Female,27,28011
2010,Female,28,27645
2010,Female,29,27546
2010,Female,30,27714
2010,Female,31,28131
2010,Female,32,27285
2010,Female,33,27813
2010,Female,34,28029
2010,Female,35,29427
2010,Female,36,30849
2010,Female,37,31767
2010,Female,38,33453
2010,Female,39,33882
2010,Female,40,32820
2010,Female,41,33258
2010,Female,42,32904
2010,Female,43,32793
2010,Female,44,32292
2010,Female,45,32943
2010,Female,46,34242
2010,Female,47,34893
2010,Female,48,34824
2010,Female,49,33975
2010,Female,50,32301
2010,Female,51,31902
2010,Female,52,30189
2010,Female,53,29295
2010,Female,54,28629
2010,Female,55,27537
2010,Female,56,27054
2010,Female,57,25815
2010,Female,58,25374
2010,Female,59,24666
2010,Female,60,24876
2010,Female,61,24063
2010,Female,62,24429
2010,Female,63,24456
2010,Female,64,20538
2010,Female,65,19878
2010,Female,66,18819
2010,Female,67,16851
2010,Female,68,19110
2010,Female,69,18390
2010,Female,70,16833
2010,Female,71,15441
2010,Female,72,14682
2010,Female,73,13857
2010,Female,74,13092
2010,Female,75,12231
2010,Female,76,11904
2010,Female,77,11715
2010,Female,78,11346
2010,Female,79,11295
2010,Female,80,10545
2010,Female,81,9786
2010,Female,82,9471
2010,Female,83,8649
2010,Female,84,8175
2010,Female,85,7689
2010,Female,86,6711
2010,Female,87,5940
2010,Female,88,5481
2010,Female,89,4683
2010,Female,90,15954
2010,Male,0,32844
2010,Male,1,32724
2010,Male,2,32763
2010,Male,3,31767
2010,Male,4,30306
2010,Male,5,29901
2010,Male,6,29997
2010,Male,7,29436
2010,Male,8,29211
2010,Male,9,30387
2010,Male,10,30918
2010,Male,11,30441
2010,Male,12,31083
2010,Male,13,30879
2010,Male,14,31797
2010,Male,15,32238
2010,Male,16,32610
2010,Male,17,33402
2010,Male,18,33654
2010,Male,19,34674
2010,Male,20,34017
2010,Male,21,33177
2010,Male,22,32451
2010,Male,23,30864
2010,Male,24,29352
2010,Male,25,28815
2010,Male,26,28740
2010,Male,27,28230
2010,Male,28,27537
2010,Male,29,27339
2010,Male,30,26850
2010,Male,31,26604
2010,Male,32,26277
2010,Male,33,26901
2010,Male,34,26961
2010,Male,35,27924
2010,Male,36,29265
2010,Male,37,30252
2010,Male,38,31605
2010,Male,39,32142
2010,Male,40,31455
2010,Male,41,31788
2010,Male,42,31362
2010,Male,43,31116
2010,Male,44,31212
2010,Male,45,31734
2010,Male,46,32787
2010,Male,47,33027
2010,Male,48,33024
2010,Male,49,31965
2010,Male,50,30972
2010,Male,51,30642
2010,Male,52,28833
2010,Male,53,28215
2010,Male,54,27216
2010,Male,55,26400
2010,Male,56,25674
2010,Male,57,24669
2010,Male,58,24519
2010,Male,59,23916
2010,Male,60,23727
2010,Male,61,23382
2010,Male,62,23322
2010,Male,63,23325
2010,Male,64,19560
2010,Male,65,18666
2010,Male,66,17850
2010,Male,67,15738
2010,Male,68,17514
2010,Male,69,17055
2010,Male,70,15561
2010,Male,71,13722
2010,Male,72,13155
2010,Male,73,12201
2010,Male,74,11379
2010,Male,75,10872
2010,Male,76,10185
2010,Male,77,9663
2010,Male,78,9495
2010,Male,79,9192
2010,Male,80,8079
2010,Male,81,7539
2010,Male,82,6885
2010,Male,83,6192
2010,Male,84,5313
2010,Male,85,4731
2010,Male,86,3912
2010,Male,87,3318
2010,Male,88,2775
2010,Male,89,2145
2010,Male,90,5943
2011,Female,0,30543
2011,Female,1,30957
2011,Female,2,30228
2011,Female,3,30828
2011,Female,4,30039
2011,Female,5,28977
2011,Female,6,28299
2011,Female,7,28632
2011,Female,8,27735
2011,Female,9,28128
2011,Female,10,28827
2011,Female,11,29454
2011,Female,12,28614
2011,Female,13,29439
2011,Female,14,29427
2011,Female,15,29694
2011,Female,16,30789
2011,Female,17,30966
2011,Female,18,31335
2011,Female,19,31686
2011,Female,20,32892
2011,Female,21,32406
2011,Female,22,30639
2011,Female,23,29643
2011,Female,24,28065
2011,Female,25,27828
2011,Female,26,27822
2011,Female,27,27906
2011,Female,28,28059
2011,Female,29,27816
2011,Female,30,27546
2011,Female,31,27864
2011,Female,32,28125
2011,Female,33,27327
2011,Female,34,27819
2011,Female,35,27996
2011,Female,36,29418
2011,Female,37,30813
2011,Female,38,31746
2011,Female,39,33378
2011,Female,40,33840
2011,Female,41,32715
2011,Female,42,33090
2011,Female,43,32757
2011,Female,44,32697
2011,Female,45,32172
2011,Female,46,32745
2011,Female,47,34038
2011,Female,48,34686
2011,Female,49,34635
2011,Female,50,33717
2011,Female,51,32106
2011,Female,52,31740
2011,Female,53,29973
2011,Female,54,29178
2011,Female,55,28431
2011,Female,56,27384
2011,Female,57,26910
2011,Female,58,25701
2011,Female,59,25293
2011,Female,60,24546
2011,Female,61,24717
2011,Female,62,23898
2011,Female,63,24270
2011,Female,64,24357
2011,Female,65,20793
2011,Female,66,19773
2011,Female,67,18642
2011,Female,68,16704
2011,Female,69,18906
2011,Female,70,18165
2011,Female,71,16545
2011,Female,72,15216
2011,Female,73,14442
2011,Female,74,13623
2011,Female,75,12822
2011,Female,76,11940
2011,Female,77,11619
2011,Female,78,11397
2011,Female,79,10983
2011,Female,80,10902
2011,Female,81,10074
2011,Female,82,9303
2011,Female,83,8961
2011,Female,84,8118
2011,Female,85,7569
2011,Female,86,7092
2011,Female,87,6099
2011,Female,88,5334
2011,Female,89,4857
2011,Female,90,16830
2011,Male,0,32073
2011,Male,1,32535
2011,Male,2,32514
2011,Male,3,32628
2011,Male,4,31704
2011,Male,5,30270
2011,Male,6,29829
2011,Male,7,29913
2011,Male,8,29349
2011,Male,9,29196
2011,Male,10,30336
2011,Male,11,30918
2011,Male,12,30333
2011,Male,13,31071
2011,Male,14,30852
2011,Male,15,31914
2011,Male,16,32487
2011,Male,17,32739
2011,Male,18,33393
2011,Male,19,34170
2011,Male,20,35220
2011,Male,21,34257
2011,Male,22,33048
2011,Male,23,31929
2011,Male,24,30393
2011,Male,25,28752
2011,Male,26,28263
2011,Male,27,28203
2011,Male,28,27798
2011,Male,29,27324
2011,Male,30,27231
2011,Male,31,26802
2011,Male,32,26586
2011,Male,33,26067
2011,Male,34,26883
2011,Male,35,26850
2011,Male,36,27759
2011,Male,37,29127
2011,Male,38,30129
2011,Male,39,31470
2011,Male,40,31980
2011,Male,41,31287
2011,Male,42,31593
2011,Male,43,31224
2011,Male,44,30900
2011,Male,45,31089
2011,Male,46,31470
2011,Male,47,32544
2011,Male,48,32667
2011,Male,49,32745
2011,Male,50,31686
2011,Male,51,30696
2011,Male,52,30291
2011,Male,53,28581
2011,Male,54,27966
2011,Male,55,26988
2011,Male,56,26181
2011,Male,57,25446
2011,Male,58,24450
2011,Male,59,24285
2011,Male,60,23748
2011,Male,61,23556
2011,Male,62,23214
2011,Male,63,23151
2011,Male,64,23178
2011,Male,65,19653
2011,Male,66,18471
2011,Male,67,17673
2011,Male,68,15543
2011,Male,69,17259
2011,Male,70,16749
2011,Male,71,15219
2011,Male,72,13413
2011,Male,73,12819
2011,Male,74,11889
2011,Male,75,11043
2011,Male,76,10518
2011,Male,77,9807
2011,Male,78,9198
2011,Male,79,9045
2011,Male,80,8733
2011,Male,81,7602
2011,Male,82,7029
2011,Male,83,6336
2011,Male,84,5664
2011,Male,85,4776
2011,Male,86,4224
2011,Male,87,3441
2011,Male,88,2916
2011,Male,89,2349
2011,Male,90,6405
2012,Female,0,29760
2012,Female,1,30141
2012,Female,2,30693
2012,Female,3,30030
2012,Female,4,30660
2012,Female,5,29901
2012,Female,6,28872
2012,Female,7,28107
2012,Female,8,28470
2012,Female,9,27585
2012,Female,10,27981
2012,Female,11,28767
2012,Female,12,29361
2012,Female,13,28467
2012,Female,14,29322
2012,Female,15,29547
2012,Female,16,29829
2012,Female,17,30825
2012,Female,18,30642
2012,Female,19,31233
2012,Female,20,31680
2012,Female,21,32508
2012,Female,22,31515
2012,Female,23,29994
2012,Female,24,29250
2012,Female,25,27888
2012,Female,26,27747
2012,Female,27,27915
2012,Female,28,27939
2012,Female,29,28185
2012,Female,30,27960
2012,Female,31,27711
2012,Female,32,27984
2012,Female,33,28212
2012,Female,34,27366
2012,Female,35,27783
2012,Female,36,27990
2012,Female,37,29394
2012,Female,38,30711
2012,Female,39,31725
2012,Female,40,33279
2012,Female,41,33735
2012,Female,42,32508
2012,Female,43,32955
2012,Female,44,32550
2012,Female,45,32535
2012,Female,46,32034
2012,Female,47,32535
2012,Female,48,33747
2012,Female,49,34479
2012,Female,50,34392
2012,Female,51,33510
2012,Female,52,31869
2012,Female,53,31578
2012,Female,54,29823
2012,Female,55,29010
2012,Female,56,28317
2012,Female,57,27306
2012,Female,58,26778
2012,Female,59,25614
2012,Female,60,25239
2012,Female,61,24462
2012,Female,62,24612
2012,Female,63,23796
2012,Female,64,24243
2012,Female,65,24582
2012,Female,66,20679
2012,Female,67,19602
2012,Female,68,18453
2012,Female,69,16542
2012,Female,70,18678
2012,Female,71,17919
2012,Female,72,16347
2012,Female,73,15021
2012,Female,74,14181
2012,Female,75,13320
2012,Female,76,12495
2012,Female,77,11640
2012,Female,78,11322
2012,Female,79,11058
2012,Female,80,10557
2012,Female,81,10443
2012,Female,82,9615
2012,Female,83,8847
2012,Female,84,8331
2012,Female,85,7596
2012,Female,86,6951
2012,Female,87,6441
2012,Female,88,5460
2012,Female,89,4701
2012,Female,90,17628
2012,Male,0,31221
2012,Male,1,31650
2012,Male,2,32253
2012,Male,3,32328
2012,Male,4,32457
2012,Male,5,31518
2012,Male,6,30111
2012,Male,7,29655
2012,Male,8,29727
2012,Male,9,29184
2012,Male,10,29082
2012,Male,11,30225
2012,Male,12,30810
2012,Male,13,30210
2012,Male,14,31062
2012,Male,15,30945
2012,Male,16,31980
2012,Male,17,32544
2012,Male,18,32625
2012,Male,19,33666
2012,Male,20,34341
2012,Male,21,35118
2012,Male,22,33720
2012,Male,23,32391
2012,Male,24,31248
2012,Male,25,29805
2012,Male,26,28374
2012,Male,27,27867
2012,Male,28,27912
2012,Male,29,27657
2012,Male,30,27249
2012,Male,31,27243
2012,Male,32,26784
2012,Male,33,26547
2012,Male,34,26082
2012,Male,35,26877
2012,Male,36,26730
2012,Male,37,27657
2012,Male,38,28947
2012,Male,39,30021
2012,Male,40,31278
2012,Male,41,31803
2012,Male,42,31113
2012,Male,43,31398
2012,Male,44,31020
2012,Male,45,30693
2012,Male,46,30864
2012,Male,47,31227
2012,Male,48,32229
2012,Male,49,32403
2012,Male,50,32490
2012,Male,51,31407
2012,Male,52,30384
2012,Male,53,29976
2012,Male,54,28320
2012,Male,55,27771
2012,Male,56,26772
2012,Male,57,25929
2012,Male,58,25221
2012,Male,59,24237
2012,Male,60,24141
2012,Male,61,23592
2012,Male,62,23397
2012,Male,63,23058
2012,Male,64,22980
2012,Male,65,23292
2012,Male,66,19464
2012,Male,67,18228
2012,Male,68,17469
2012,Male,69,15288
2012,Male,70,16956
2012,Male,71,16425
2012,Male,72,14901
2012,Male,73,13083
2012,Male,74,12483
2012,Male,75,11544
2012,Male,76,10677
2012,Male,77,10101
2012,Male,78,9378
2012,Male,79,8745
2012,Male,80,8592
2012,Male,81,8202
2012,Male,82,7095
2012,Male,83,6543
2012,Male,84,5805
2012,Male,85,5139
2012,Male,86,4266
2012,Male,87,3756
2012,Male,88,2964
2012,Male,89,2457
2012,Male,90,6936
2013,Female,0,29289
2013,Female,1,29445
2013,Female,2,29982
2013,Female,3,30594
2013,Female,4,29865
2013,Female,5,30528
2013,Female,6,29862
2013,Female,7,28752
2013,Female,8,28032
2013,Female,9,28368
2013,Female,10,27534
2013,Female,11,27924
2013,Female,12,28713
2013,Female,13,29265
2013,Female,14,28452
2013,Female,15,29454
2013,Female,16,29685
2013,Female,17,30024
2013,Female,18,30618
2013,Female,19,30714
2013,Female,20,31275
2013,Female,21,31446
2013,Female,22,31926
2013,Female,23,30945
2013,Female,24,29796
2013,Female,25,29181
2013,Female,26,28125
2013,Female,27,27900
2013,Female,28,28206
2013,Female,29,28188
2013,Female,30,28515
2013,Female,31,28290
2013,Female,32,27795
2013,Female,33,28056
2013,Female,34,28236
2013,Female,35,27435
2013,Female,36,27804
2013,Female,37,28038
2013,Female,38,29442
2013,Female,39,30699
2013,Female,40,31680
2013,Female,41,33237
2013,Female,42,33648
2013,Female,43,32502
2013,Female,44,32829
2013,Female,45,32439
2013,Female,46,32364
2013,Female,47,31830
2013,Female,48,32391
2013,Female,49,33516
2013,Female,50,34218
2013,Female,51,34218
2013,Female,52,33258
2013,Female,53,31701
2013,Female,54,31350
2013,Female,55,29676
2013,Female,56,28884
2013,Female,57,28215
2013,Female,58,27219
2013,Female,59,26715
2013,Female,60,25566
2013,Female,61,25110
2013,Female,62,24381
2013,Female,63,24552
2013,Female,64,23736
2013,Female,65,24480
2013,Female,66,24474
2013,Female,67,20505
2013,Female,68,19479
2013,Female,69,18264
2013,Female,70,16338
2013,Female,71,18444
2013,Female,72,17694
2013,Female,73,16146
2013,Female,74,14739
2013,Female,75,13893
2013,Female,76,13053
2013,Female,77,12165
2013,Female,78,11331
2013,Female,79,10950
2013,Female,80,10698
2013,Female,81,10146
2013,Female,82,9987
2013,Female,83,9120
2013,Female,84,8361
2013,Female,85,7731
2013,Female,86,6993
2013,Female,87,6354
2013,Female,88,5808
2013,Female,89,4851
2013,Female,90,18186
2013,Male,0,30693
2013,Male,1,30900
2013,Male,2,31488
2013,Male,3,32160
2013,Male,4,32259
2013,Male,5,32313
2013,Male,6,31389
2013,Male,7,29967
2013,Male,8,29508
2013,Male,9,29655
2013,Male,10,29130
2013,Male,11,28950
2013,Male,12,30132
2013,Male,13,30756
2013,Male,14,30225
2013,Male,15,31146
2013,Male,16,31119
2013,Male,17,32109
2013,Male,18,32502
2013,Male,19,33099
2013,Male,20,34023
2013,Male,21,34401
2013,Male,22,34827
2013,Male,23,33345
2013,Male,24,32019
2013,Male,25,31011
2013,Male,26,29613
2013,Male,27,28380
2013,Male,28,27942
2013,Male,29,28014
2013,Male,30,27951
2013,Male,31,27558
2013,Male,32,27408
2013,Male,33,26922
2013,Male,34,26610
2013,Male,35,26148
2013,Male,36,26937
2013,Male,37,26814
2013,Male,38,27654
2013,Male,39,29016
2013,Male,40,30069
2013,Male,41,31182
2013,Male,42,31788
2013,Male,43,31059
2013,Male,44,31287
2013,Male,45,30942
2013,Male,46,30675
2013,Male,47,30678
2013,Male,48,31056
2013,Male,49,32001
2013,Male,50,32253
2013,Male,51,32310
2013,Male,52,31209
2013,Male,53,30198
2013,Male,54,29838
2013,Male,55,28197
2013,Male,56,27585
2013,Male,57,26559
2013,Male,58,25782
2013,Male,59,25017
2013,Male,60,24159
2013,Male,61,24027
2013,Male,62,23502
2013,Male,63,23202
2013,Male,64,22950
2013,Male,65,23073
2013,Male,66,23142
2013,Male,67,19311
2013,Male,68,18063
2013,Male,69,17211
2013,Male,70,15012
2013,Male,71,16656
2013,Male,72,16104
2013,Male,73,14529
2013,Male,74,12771
2013,Male,75,12129
2013,Male,76,11154
2013,Male,77,10275
2013,Male,78,9690
2013,Male,79,8955
2013,Male,80,8283
2013,Male,81,8085
2013,Male,82,7695
2013,Male,83,6546
2013,Male,84,6012
2013,Male,85,5241
2013,Male,86,4602
2013,Male,87,3744
2013,Male,88,3222
2013,Male,89,2460
2013,Male,90,7515
2014,Female,0,28218
2014,Female,1,29247
2014,Female,2,29538
2014,Female,3,30102
2014,Female,4,30789
2014,Female,5,30075
2014,Female,6,30690
2014,Female,7,29943
2014,Female,8,28830
2014,Female,9,28143
2014,Female,10,28425
2014,Female,11,27633
2014,Female,12,28047
2014,Female,13,28830
2014,Female,14,29388
2014,Female,15,28743
2014,Female,16,29769
2014,Female,17,30021
2014,Female,18,30117
2014,Female,19,30897
2014,Female,20,30966
2014,Female,21,31338
2014,Female,22,31311
2014,Female,23,31974
2014,Female,24,31278
2014,Female,25,30264
2014,Female,26,29928
2014,Female,27,28848
2014,Female,28,28584
2014,Female,29,28923
2014,Female,30,28824
2014,Female,31,29037
2014,Female,32,28563
2014,Female,33,28209
2014,Female,34,28335
2014,Female,35,28482
2014,Female,36,27594
2014,Female,37,28050
2014,Female,38,28161
2014,Female,39,29577
2014,Female,40,30834
2014,Female,41,31797
2014,Female,42,33282
2014,Female,43,33681
2014,Female,44,32589
2014,Female,45,32844
2014,Female,46,32484
2014,Female,47,32265
2014,Female,48,31680
2014,Female,49,32235
2014,Female,50,33411
2014,Female,51,34077
2014,Female,52,34128
2014,Female,53,33165
2014,Female,54,31623
2014,Female,55,31311
2014,Female,56,29679
2014,Female,57,28848
2014,Female,58,28179
2014,Female,59,27144
2014,Female,60,26673
2014,Female,61,25563
2014,Female,62,25107
2014,Female,63,24330
2014,Female,64,24537
2014,Female,65,24042
2014,Female,66,24387
2014,Female,67,24372
2014,Female,68,20355
2014,Female,69,19332
2014,Female,70,18102
2014,Female,71,16140
2014,Female,72,18207
2014,Female,73,17457
2014,Female,74,15900
2014,Female,75,14481
2014,Female,76,13632
2014,Female,77,12735
2014,Female,78,11826
2014,Female,79,10968
2014,Female,80,10572
2014,Female,81,10272
2014,Female,82,9690
2014,Female,83,9495
2014,Female,84,8640
2014,Female,85,7797
2014,Female,86,7161
2014,Female,87,6441
2014,Female,88,5754
2014,Female,89,5178
2014,Female,90,18960
2014,Male,0,30042
2014,Male,1,30630
2014,Male,2,31062
2014,Male,3,31677
2014,Male,4,32409
2014,Male,5,32358
2014,Male,6,32484
2014,Male,7,31494
2014,Male,8,30048
2014,Male,9,29610
2014,Male,10,29763
2014,Male,11,29253
2014,Male,12,29022
2014,Male,13,30225
2014,Male,14,30882
2014,Male,15,30513
2014,Male,16,31479
2014,Male,17,31464
2014,Male,18,32349
2014,Male,19,33270
2014,Male,20,33900
2014,Male,21,34518
2014,Male,22,34809
2014,Male,23,35037
2014,Male,24,33672
2014,Male,25,32349
2014,Male,26,31269
2014,Male,27,30036
2014,Male,28,28917
2014,Male,29,28368
2014,Male,30,28590
2014,Male,31,28572
2014,Male,32,28065
2014,Male,33,27798
2014,Male,34,27276
2014,Male,35,26961
2014,Male,36,26451
2014,Male,37,27165
2014,Male,38,27069
2014,Male,39,27855
2014,Male,40,29229
2014,Male,41,30321
2014,Male,42,31332
2014,Male,43,31944
2014,Male,44,31260
2014,Male,45,31410
2014,Male,46,31011
2014,Male,47,30621
2014,Male,48,30639
2014,Male,49,31014
2014,Male,50,32019
2014,Male,51,32208
2014,Male,52,32229
2014,Male,53,31140
2014,Male,54,30117
2014,Male,55,29805
2014,Male,56,28089
2014,Male,57,27522
2014,Male,58,26511
2014,Male,59,25722
2014,Male,60,24933
2014,Male,61,24129
2014,Male,62,24015
2014,Male,63,23433
2014,Male,64,23109
2014,Male,65,23124
2014,Male,66,22923
2014,Male,67,22917
2014,Male,68,19098
2014,Male,69,17835
2014,Male,70,16968
2014,Male,71,14760
2014,Male,72,16341
2014,Male,73,15711
2014,Male,74,14175
2014,Male,75,12417
2014,Male,76,11751
2014,Male,77,10791
2014,Male,78,9867
2014,Male,79,9240
2014,Male,80,8523
2014,Male,81,7818
2014,Male,82,7572
2014,Male,83,7161
2014,Male,84,5985
2014,Male,85,5469
2014,Male,86,4704
2014,Male,87,4053
2014,Male,88,3291
2014,Male,89,2769
2014,Male,90,8001
2015,Female,0,28029
2015,Female,1,28020
2015,Female,2,29256
2015,Female,3,29715
2015,Female,4,30360
2015,Female,5,31056
2015,Female,6,30306
2015,Female,7,30831
2015,Female,8,30069
2015,Female,9,28950
2015,Female,10,28335
2015,Female,11,28563
2015,Female,12,27849
2015,Female,13,28197
2015,Female,14,29052
2015,Female,15,29799
2015,Female,16,29568
2015,Female,17,30336
2015,Female,18,30162
2015,Female,19,30792
2015,Female,20,31506
2015,Female,21,31335
2015,Female,22,31656
2015,Female,23,32226
2015,Female,24,33171
2015,Female,25,32625
2015,Female,26,31719
2015,Female,27,31632
2015,Female,28,30396
2015,Female,29,30000
2015,Female,30,30138
2015,Female,31,29865
2015,Female,32,29658
2015,Female,33,29178
2015,Female,34,28707
2015,Female,35,28686
2015,Female,36,28791
2015,Female,37,27816
2015,Female,38,28323
2015,Female,39,28341
2015,Female,40,29733
2015,Female,41,31056
2015,Female,42,31926
2015,Female,43,33399
2015,Female,44,33855
2015,Female,45,32715
2015,Female,46,32883
2015,Female,47,32511
2015,Female,48,32253
2015,Female,49,31641
2015,Female,50,32178
2015,Female,51,33441
2015,Female,52,34041
2015,Female,53,34080
2015,Female,54,33096
2015,Female,55,31611
2015,Female,56,31287
2015,Female,57,29706
2015,Female,58,28860
2015,Female,59,28209
2015,Female,60,27207
2015,Female,61,26697
2015,Female,62,25527
2015,Female,63,25164
2015,Female,64,24297
2015,Female,65,24873
2015,Female,66,23988
2015,Female,67,24285
2015,Female,68,24162
2015,Female,69,20181
2015,Female,70,19167
2015,Female,71,17916
2015,Female,72,15951
2015,Female,73,17955
2015,Female,74,17163
2015,Female,75,15621
2015,Female,76,14199
2015,Female,77,13299
2015,Female,78,12381
2015,Female,79,11481
2015,Female,80,10572
2015,Female,81,10113
2015,Female,82,9762
2015,Female,83,9141
2015,Female,84,8934
2015,Female,85,8010
2015,Female,86,7188
2015,Female,87,6552
2015,Female,88,5808
2015,Female,89,5148
2015,Female,90,19803
2015,Male,0,29895
2015,Male,1,29850
2015,Male,2,30666
2015,Male,3,31224
2015,Male,4,31911
2015,Male,5,32637
2015,Male,6,32592
2015,Male,7,32637
2015,Male,8,31644
2015,Male,9,30216
2015,Male,10,29847
2015,Male,11,29955
2015,Male,12,29439
2015,Male,13,29214
2015,Male,14,30432
2015,Male,15,31296
2015,Male,16,31131
2015,Male,17,31959
2015,Male,18,31899
2015,Male,19,33858
2015,Male,20,34938
2015,Male,21,35265
2015,Male,22,35976
2015,Male,23,36516
2015,Male,24,36648
2015,Male,25,35328
2015,Male,26,33642
2015,Male,27,32565
2015,Male,28,31347
2015,Male,29,30279
2015,Male,30,29697
2015,Male,31,29694
2015,Male,32,29388
2015,Male,33,28803
2015,Male,34,28470
2015,Male,35,27972
2015,Male,36,27552
2015,Male,37,26904
2015,Male,38,27612
2015,Male,39,27489
2015,Male,40,28257
2015,Male,41,29547
2015,Male,42,30534
2015,Male,43,31647
2015,Male,44,32154
2015,Male,45,31428
2015,Male,46,31515
2015,Male,47,31080
2015,Male,48,30681
2015,Male,49,30678
2015,Male,50,31023
2015,Male,51,31938
2015,Male,52,32169
2015,Male,53,32145
2015,Male,54,31059
2015,Male,55,30120
2015,Male,56,29661
2015,Male,57,28023
2015,Male,58,27429
2015,Male,59,26427
2015,Male,60,25686
2015,Male,61,24960
2015,Male,62,24069
2015,Male,63,23943
2015,Male,64,23337
2015,Male,65,23304
2015,Male,66,22974
2015,Male,67,22698
2015,Male,68,22632
2015,Male,69,18834
2015,Male,70,17589
2015,Male,71,16632
2015,Male,72,14481
2015,Male,73,15957
2015,Male,74,15324
2015,Male,75,13785
2015,Male,76,12015
2015,Male,77,11337
2015,Male,78,10359
2015,Male,79,9453
2015,Male,80,8778
2015,Male,81,8070
2015,Male,82,7290
2015,Male,83,7056
2015,Male,84,6633
2015,Male,85,5442
2015,Male,86,4890
2015,Male,87,4113
2015,Male,88,3510
2015,Male,89,2784
2015,Male,90,8463
2016,Female,0,27780
2016,Female,1,27939
2016,Female,2,28104
2016,Female,3,29472
2016,Female,4,30003
2016,Female,5,30744
2016,Female,6,31377
2016,Female,7,30546
2016,Female,8,31101
2016,Female,9,30318
2016,Female,10,29220
2016,Female,11,28611
2016,Female,12,28833
2016,Female,13,28062
2016,Female,14,28437
2016,Female,15,29682
2016,Female,16,30720
2016,Female,17,29871
2016,Female,18,30240
2016,Female,19,31086
2016,Female,20,31251
2016,Female,21,32013
2016,Female,22,31767
2016,Female,23,32646
2016,Female,24,33318
2016,Female,25,34413
2016,Female,26,33957
2016,Female,27,33006
2016,Female,28,32952
2016,Female,29,31653
2016,Female,30,31029
2016,Female,31,31191
2016,Female,32,30549
2016,Female,33,30246
2016,Female,34,29775
2016,Female,35,29196
2016,Female,36,29115
2016,Female,37,29262
2016,Female,38,28191
2016,Female,39,28626
2016,Female,40,28602
2016,Female,41,29991
2016,Female,42,31266
2016,Female,43,32112
2016,Female,44,33552
2016,Female,45,33999
2016,Female,46,32799
2016,Female,47,32901
2016,Female,48,32496
2016,Female,49,32244
2016,Female,50,31605
2016,Female,51,32178
2016,Female,52,33375
2016,Female,53,34002
2016,Female,54,34047
2016,Female,55,33039
2016,Female,56,31650
2016,Female,57,31272
2016,Female,58,29667
2016,Female,59,28860
2016,Female,60,28200
2016,Female,61,27288
2016,Female,62,26712
2016,Female,63,25494
2016,Female,64,25107
2016,Female,65,24627
2016,Female,66,24771
2016,Female,67,23886
2016,Female,68,24120
2016,Female,69,23961
2016,Female,70,19995
2016,Female,71,18954
2016,Female,72,17673
2016,Female,73,15735
2016,Female,74,17643
2016,Female,75,16866
2016,Female,76,15336
2016,Female,77,13857
2016,Female,78,12918
2016,Female,79,11997
2016,Female,80,11073
2016,Female,81,10215
2016,Female,82,9633
2016,Female,83,9276
2016,Female,84,8637
2016,Female,85,8349
2016,Female,86,7419
2016,Female,87,6579
2016,Female,88,5892
2016,Female,89,5196
2016,Female,90,20427
2016,Male,0,29490
2016,Male,1,29733
2016,Male,2,29988
2016,Male,3,30894
2016,Male,4,31509
2016,Male,5,32331
2016,Male,6,32994
2016,Male,7,32850
2016,Male,8,32952
2016,Male,9,31932
2016,Male,10,30501
2016,Male,11,30099
2016,Male,12,30204
2016,Male,13,29751
2016,Male,14,29550
2016,Male,15,30942
2016,Male,16,32070
2016,Male,17,31608
2016,Male,18,32247
2016,Male,19,33195
2016,Male,20,35025
2016,Male,21,35976
2016,Male,22,36174
2016,Male,23,37140
2016,Male,24,37722
2016,Male,25,37713
2016,Male,26,36381
2016,Male,27,34575
2016,Male,28,33690
2016,Male,29,32544
2016,Male,30,31356
2016,Male,31,30660
2016,Male,32,30540
2016,Male,33,30168
2016,Male,34,29526
2016,Male,35,29172
2016,Male,36,28548
2016,Male,37,28128
2016,Male,38,27408
2016,Male,39,28074
2016,Male,40,27957
2016,Male,41,28620
2016,Male,42,29898
2016,Male,43,30888
2016,Male,44,31953
2016,Male,45,32334
2016,Male,46,31653
2016,Male,47,31635
2016,Male,48,31185
2016,Male,49,30660
2016,Male,50,30729
2016,Male,51,30984
2016,Male,52,31932
2016,Male,53,32160
2016,Male,54,32196
2016,Male,55,31026
2016,Male,56,30048
2016,Male,57,29694
2016,Male,58,27933
2016,Male,59,27429
2016,Male,60,26391
2016,Male,61,25722
2016,Male,62,24897
2016,Male,63,23937
2016,Male,64,23868
2016,Male,65,23532
2016,Male,66,23184
2016,Male,67,22770
2016,Male,68,22554
2016,Male,69,22404
2016,Male,70,18579
2016,Male,71,17325
2016,Male,72,16341
2016,Male,73,14172
2016,Male,74,15534
2016,Male,75,14898
2016,Male,76,13386
2016,Male,77,11607
2016,Male,78,10872
2016,Male,79,9936
2016,Male,80,8994
2016,Male,81,8325
2016,Male,82,7590
2016,Male,83,6783
2016,Male,84,6510
2016,Male,85,6045
2016,Male,86,4890
2016,Male,87,4347
2016,Male,88,3630
2016,Male,89,3033
2016,Male,90,8943
